filename,scratchpos_edge,scratchpos_center,scratchpos_baffle,total
000a849f.csv,,,,
000bd931.csv,,,,
001bd932.csv,,,"15626 15668 ",
0029d521.csv,,,"10937 10974 ",
00338f0c.csv,,,,
003755d2.csv,,,,
0055747a.csv,,,,
0075a694.csv,,,,
00877fa0.csv,,,,
00925609.csv,,,,
00b29eae.csv,,,,
0101073f.csv,,,,
011d10b1.csv,,,,
0144d79d.csv,,,,
015245d7.csv,,,,
01576a9d.csv,,,,
0190c79e.csv,,,,
01933c83.csv,,,,
01e3bc75.csv,,,,
01e51f9d.csv,,"26787 26879 ",,
01e86967.csv,,,,
021f4bc3.csv,,,,
025edefe.csv,,,,
028180d3.csv,,,,
02859d01.csv,"7577 7662 ",,,
028a1a65.csv,,,,
02af7a4d.csv,,,,
02d53c48.csv,,,,
02dff66f.csv,,,,
033d6c66.csv,,,,
04457531.csv,"6288 6325 ",,,
0482e6ac.csv,,"27684 27793 ",,
0489f612.csv,,,,
055d4867.csv,"55334 55436 ",,"52327 52364 ",
056be02e.csv,,,,
05913aee.csv,"9187 9240 ",,,
059f78a7.csv,,,,
05ab2c5d.csv,,,,
061c97ae.csv,,,,
06649ef2.csv,,,,
066e22f3.csv,,,,
06996dba.csv,,,,
06b02698.csv,,,,
06f92f10.csv,,,,
0708f100.csv,,"25407 25507 ",,
076f3b43.csv,,,,
077fa04d.csv,,,,
07839b71.csv,"9490 9532 9695 9732 ",,,
0794a222.csv,,,,
07a864bc.csv,,,,
07b91c45.csv,,,,
07c687f5.csv,,,,
07c80ac6.csv,,,"17362 17384 17409 17432 ",
080bf13b.csv,,,,
081f598d.csv,,,,
08790086.csv,,,"9200 9229 ",
08b153cf.csv,"58874 58941 ",,"43539 43572 ",
08bee6de.csv,,,"13583 13610 ",
090e0d82.csv,,,,
0939c7a7.csv,,"42462 42577 ",,
098987c2.csv,,"29632 29681 ",,
09e495d9.csv,"56998 57064 ",,"35098 35139 53961 54024 ",
0a087bc9.csv,,,,
0a3886a3.csv,,,"16021 16085 ",
0a5a3a99.csv,,"25142 25187 ",,
0a640b9b.csv,,,,
0a862275.csv,,"17909 17948 ",,
0ab0c162.csv,,"27254 27285 ",,
0abaab2e.csv,,,,
0b00f9b9.csv,,,,
0ba2344f.csv,,"30953 31005 ",,
0ba68bbc.csv,,"28203 28248 ","13315 13369 ",
0bc276ce.csv,,,"17015 17135 ",
0be0050b.csv,,,,
0c048a4b.csv,,,,
0c11abe0.csv,"49383 49452 ",,"18724 18750 46764 46808 ",
0c64088b.csv,,,,
0c8850da.csv,,"33499 33537 50287 50345 51069 51126 ",,
0cb8bd42.csv,,,,
0d08cd50.csv,,,,
0d50aef8.csv,,,,
0d718685.csv,,,,
0d8c06ae.csv,,,,
0dc2ac6f.csv,,"37450 37496 ",,
0e0088f8.csv,,,,
0e5fc0b4.csv,,,,
0e96913d.csv,,,,
0eed2ca2.csv,"12578 12625 ",,,
0ef4d220.csv,"56699 56731 ",,"42002 42044 53480 53533 53694 53755 ",
0f2f927e.csv,,,,
0f677d9a.csv,,,,
0f6f22fc.csv,,,,
0f945bc2.csv,,,,
0fae291f.csv,,,,
0ffd4bd5.csv,,,,
101a8179.csv,,"56762 56881 ",,
101fd08b.csv,"10380 10456 ",,,
102f9e37.csv,,,"29871 29903 ",
106c03c1.csv,,,,
10b60e48.csv,,,,
10c91611.csv,,,"23479 23526 ",
10d884f3.csv,,,,
10e0d60b.csv,,,,
10eab655.csv,,,,
11366505.csv,,,,
114f4b4a.csv,,,,
116b7f0a.csv,,,,
118f2a30.csv,,,,
11bc2c21.csv,,,,
11e3a937.csv,,,,
120aa096.csv,,,,
120b4fc1.csv,,,,
120f458d.csv,,,,
129e3cb3.csv,,,,
12e928fd.csv,,,,
12f18411.csv,"8741 8773 8937 8966 ",,,
1319b90c.csv,,,"14182 14211 ",
13bc5e83.csv,,,,
14298722.csv,"47051 47127 ",,"18733 18757 25896 25947 ",
14a09bd2.csv,,,,
14b92142.csv,,,,
14bc2f57.csv,,,,
14d2f6f9.csv,,,"16008 16221 ",
1520c34e.csv,,,,
152d60d1.csv,"11128 11179 11322 11361 ",,,
154570f2.csv,,,,
154e5a42.csv,,,,
15b68154.csv,,,,
15c8d071.csv,"10458 10498 ",,"13588 13629 ",
15e953a6.csv,,,,
1610a89f.csv,"11778 11858 ",,,
161b1313.csv,,,,
163b3486.csv,,,,
164f575e.csv,"58448 58552 ",,"31841 31883 41746 41794 53483 53593 ",
16537e02.csv,,"21366 21459 23896 23923 ","29282 29324 29381 29419 ",
16930cf4.csv,,,,
16d0e478.csv,,,,
16da7375.csv,"11872 11958 ",,,
1792e405.csv,,,,
17dc3f0c.csv,,,,
17fcafa3.csv,,,,
181ccdcc.csv,,,,
182d0ce9.csv,,"62912 62963 ",,
183ef145.csv,,,,
1842b360.csv,,,,
19150b25.csv,,,,
193377b2.csv,,,,
196de8c5.csv,,,,
197a9684.csv,,,,
19c2ac09.csv,,"43197 43276 43328 43384 ",,
19fc8083.csv,,"18259 18296 ",,
1a90ed18.csv,,,,
1a98ea63.csv,,,,
1abdb10e.csv,,,"45368 45397 49884 49917 ",
1ac0455d.csv,"6878 6901 ",,"19194 19243 ",
1b080ace.csv,"6259 6296 ",,,
1b21f46b.csv,,,"11320 11359 ",
1b470a67.csv,,,,
1b502ee7.csv,,,,
1b660d5e.csv,,,,
1b742f2f.csv,,,,
1b98d03d.csv,,,,
1bb81929.csv,,,,
1c14e9ee.csv,,,,
1c69fa74.csv,,,,
1cca4c0c.csv,,,,
1cdd50f0.csv,,,,
1d338467.csv,,,,
1d400c9a.csv,,,,
1d504908.csv,,,,
1d65b77a.csv,"19558 19600 19638 19677 ",,,
1d795ff3.csv,"53749 53789 ",,"50890 50966 ",
1d961659.csv,,,,
1e2655dd.csv,,,,
1e4ec97c.csv,,,"12056 12100 21585 21655 26218 26264 ",
1f104611.csv,,,,
1f213faf.csv,,"48074 48132 48284 48322 ",,
1f21652a.csv,,,,
1fdc69b0.csv,,,,
1fe81658.csv,,,,
2005fffb.csv,,,,
20232b6d.csv,,,"12938 12978 ",
207fe8d6.csv,"13874 13984 ",,,
20d5bdcc.csv,,,,
20e78cc9.csv,,,,
20f6b19d.csv,,,,
21280271.csv,,"20399 20431 ",,
2175eb04.csv,,,,
21c59005.csv,,,,
21f2488d.csv,,,,
21f4b28c.csv,,"66369 66411 ",,
2236bbac.csv,,,,
22980b5f.csv,,,,
22bc79f7.csv,,,,
22caae9e.csv,,,,
22d2731b.csv,,,,
22e85b28.csv,,,,
22f26bcb.csv,,,,
2349d175.csv,,,,
2349f1d0.csv,,,,
235cb2a7.csv,,,"29347 29383 ",
2382c2b1.csv,,"12006 12051 54965 55017 ",,
23b478ea.csv,,,,
23cc5394.csv,,"37600 37690 ",,
23d2cbcf.csv,,,"13124 13159 ",
240becd0.csv,"6603 6705 6848 6886 ",,,
24177f65.csv,,,,
24273bf4.csv,"6046 6093 49871 49937 ",,"46675 46740 ",
2476e20a.csv,,,,
24ba19c8.csv,,,,
250bba67.csv,,,,
25205ea0.csv,,,,
2538c240.csv,"11819 11857 ",,,
258f3220.csv,,,,
25eb46b7.csv,,,,
262db79a.csv,,,,
26fb9051.csv,,,,
270b00f5.csv,,"49843 49882 ",,
274fa8ce.csv,,"19409 19445 ",,
276732a4.csv,,,,
27899430.csv,"8636 8733 8943 8995 9326 9375 9432 9478 ",,,
27c81242.csv,,,,
280c7879.csv,,,,
280fd8d5.csv,,,,
28129403.csv,,,,
285fa980.csv,,,,
287b3d10.csv,,,,
292cd794.csv,,,,
29305c4d.csv,"55779 55819 ",,"32976 33007 ",
293a95d0.csv,,,,
294f1d8a.csv,,,,
29ba1783.csv,,"28476 28509 ",,
29bb6003.csv,,,,
29e0298a.csv,,,,
2a1cb8f7.csv,,,,
2a3d9917.csv,,,,
2a5d4817.csv,,,,
2a817251.csv,,,,
2a90e4a7.csv,,,,
2ab6da44.csv,,,,
2ae4b03e.csv,"7926 7985 ",,,
2af8f9eb.csv,,,,
2b02bdea.csv,,,,
2b0ba861.csv,,,,
2b8630cd.csv,"45518 45553 ",,"8832 8871 16906 16934 33177 33202 ",
2b8c59ac.csv,,,,
2bff62db.csv,,,,
2c347684.csv,,,,
2c3c5f4a.csv,,,,
2c44305d.csv,,,,
2c4ff04c.csv,"44408 44470 ",,"17386 17410 ",
2c56786c.csv,,,,
2c8b2071.csv,,,,
2d295174.csv,,"24816 24866 ","18491 18537 ",
2d786a0a.csv,"11116 11225 ",,,
2d85c1d7.csv,,"46179 46243 ",,
2d924f2d.csv,,,,
2de49b14.csv,,,,
2e1c5e60.csv,,,,
2e42d880.csv,,,,
2e4c90e5.csv,,,,
2e567ba9.csv,,,,
2e5cf1b0.csv,,,,
2e74c77a.csv,"6862 6896 7131 7165 7307 7343 ",,,
2e76a81e.csv,,,,
2e7b60e9.csv,,,,
2ea9d581.csv,,,,
2ef90472.csv,,,,
2f698e70.csv,,,,
2fbc2b8e.csv,,,,
3041cc8b.csv,,,,
3063f207.csv,,,"8966 9022 18580 18638 ",
307c167a.csv,,,,
309b4122.csv,,,,
30b06a10.csv,,,,
30e821ce.csv,,,,
3101b13f.csv,,,"12099 12127 ",
311e93ad.csv,,,"8459 8489 12408 12448 21584 21621 39137 39180 ",
31259cf0.csv,"10056 10175 55791 55843 ","27438 27497 37387 37542 ",,
31ca8eed.csv,,,,
31fbd9bc.csv,,,,
321e256f.csv,,"37934 38014 ",,
322d2464.csv,,,,
32a6f26a.csv,,,,
32ec57d8.csv,,"45886 45922 ",,
33065738.csv,,,,
3308b421.csv,,,,
333d9a75.csv,,,,
335f782e.csv,,,"9548 9588 14105 14148 ",
33944fc6.csv,,,,
33a681c0.csv,,,,
33a8378a.csv,"8563 8593 ",,,
34265e4b.csv,,,,
343b69d6.csv,,,,
3469ad55.csv,,,,
3476dd5f.csv,,,,
347b8ba9.csv,,,,
348490d8.csv,,,,
3485268f.csv,,,,
3487b35d.csv,"6399 6473 7170 7202 ",,,
349b43e5.csv,"11308 11346 58884 58950 ",,"44783 44815 ",
35049810.csv,,,,
350fa6d9.csv,,,,
3516ce4d.csv,,,,
357ae200.csv,,,,
3589e03d.csv,,,,
35b48c0b.csv,,,,
35c4a9ee.csv,"10003 10046 58996 59052 ",,,
35c618b4.csv,,,,
36306ccf.csv,,,,
364fe131.csv,,,"9659 9701 ",
3681ee3a.csv,,,"43091 43132 ",
36d4f51b.csv,,,,
3731ac22.csv,,,,
373461d2.csv,,,,
37a93648.csv,,,,
37c1cb8d.csv,,,,
37cd5286.csv,,,,
37eb7923.csv,,,"8348 8376 11792 11823 38117 38170 ",
381d269b.csv,,,,
381f4b6f.csv,,,,
38415f47.csv,"10555 10617 ","18868 18933 21037 21133 21248 21353 33029 33105 33621 33668 ",,
38506f23.csv,,,,
38b347a4.csv,,,,
38cc6f28.csv,,,,
38d563ae.csv,,,,
3975fcb5.csv,,,,
3982e0aa.csv,,,,
39adce35.csv,,,,
39b21b37.csv,,,,
3a117f42.csv,,,,
3a5230d3.csv,,,,
3ab216d5.csv,,,,
3abf5a36.csv,,,,
3ae037f3.csv,,,,
3aeb611a.csv,,,"13521 13549 ",
3aefe627.csv,,,,
3b031229.csv,,,,
3b10a51d.csv,"54587 54632 ",,"31230 31282 41237 41268 53263 53294 ",
3b1674a3.csv,,,,
3b259fc9.csv,,,,
3b3c2875.csv,"7755 7794 ",,"10487 10512 ",
3b3e874b.csv,,,,
3b4ae94e.csv,,,"22759 22835 ",
3b87327f.csv,,"24634 24753 ","23303 23338 ",
3b9600bd.csv,,,,
3bf9a193.csv,,,"10654 10680 14137 14172 18861 18902 22643 22700 ",
3c0ce6f9.csv,,,,
3c122c4c.csv,,,,
3c1910e6.csv,,,,
3c570db1.csv,"47400 47458 ",,"17370 17393 ",
3ccbad8b.csv,,,,
3ce12424.csv,,,,
3d2861c3.csv,,,,
3d3e6f7d.csv,,,,
3d6ce228.csv,,,,
3d83ef0d.csv,,,,
3dae5670.csv,"9249 9301 57667 57744 ",,"54886 54944 ",
3dd43d0a.csv,,,,
3de78397.csv,,,,
3dfa92db.csv,,,,
3e3376a2.csv,,,,
3e3c6a76.csv,,,,
3eb1222b.csv,,,,
3ecea153.csv,,,,
3f38d671.csv,,,,
3fd34b1f.csv,,,,
3ffcef5a.csv,,"24590 24620 ",,
4015fc49.csv,,,,
40430f62.csv,,,,
40743b0a.csv,,,,
40d6d2fe.csv,,,,
41014b25.csv,"54168 54231 ",,"51655 51710 ",
41768b8f.csv,"55255 55349 ",,"40562 40600 52399 52437 ",
41aa3aeb.csv,,,,
41b93ab6.csv,,,,
424a4be7.csv,,,,
425c0208.csv,,,,
4285aef2.csv,,"33659 33725 ",,
42920637.csv,"15904 16027 ",,,
439aca48.csv,,,,
439c5a64.csv,,,,
43a020b3.csv,,,,
43a35ad8.csv,,,,
43ab29ad.csv,"49442 49679 ",,"19064 19144 19227 19287 ",
43ab9eec.csv,,,,
43df0dc6.csv,,,,
43e3bbd3.csv,,,,
43fbe035.csv,,,,
440706cf.csv,,,,
441cca55.csv,,,,
443ff61c.csv,,,,
446160ed.csv,,,,
4493f94c.csv,,,,
44aab4bf.csv,,,,
44d1b145.csv,,,,
4515af9b.csv,"54905 54974 ",,"15358 15396 ",
4560b4b5.csv,"6066 6107 50925 51013 ",,"38531 38564 48284 48322 ",
457b898a.csv,,,,
4588eca5.csv,,,,
45aafe4b.csv,,,"9215 9258 13521 13608 ",
4618abf6.csv,"46917 46949 ",,"17667 17694 ",
4641b0c6.csv,,,,
4645991f.csv,,,,
467b51d3.csv,"55408 55508 ",,"51533 51600 ",
467c00a5.csv,,,,
47128dae.csv,,,,
471d19d2.csv,,,,
47bedc02.csv,,,,
4862ec5f.csv,,,,
48634814.csv,,,,
48ae6dab.csv,,,,
493e5468.csv,,,,
4942d473.csv,"9705 9775 ",,,
498d26d5.csv,,,,
49943c5b.csv,"9770 9813 ",,,
49a1039e.csv,"7104 7145 ",,,
49ac70f2.csv,,,,
49bc7d4f.csv,,,,
49c10b24.csv,,,,
4a8ab6ef.csv,,,,
4adc2644.csv,,,,
4ae297a3.csv,,"15384 15444 ",,
4b0faead.csv,,,,
4b372520.csv,,,,
4b6dda17.csv,,,,
4b865c28.csv,,,,
4b9d1d8d.csv,"51676 51754 ",,,
4c31a43a.csv,"7933 7977 ","27842 27885 ",,
4c341a61.csv,,,,
4c444a3d.csv,,,,
4c47cd1f.csv,,,,
4c5f4372.csv,,,,
4c8c2a6a.csv,,,"24255 24289 ",
4ca33c4c.csv,"60201 60281 ",,"32302 32341 43778 43811 ",
4cb7a0dc.csv,"7147 7194 54034 54093 ",,"50771 50818 ",
4d450201.csv,,,"16681 16748 ",
4d74f6c8.csv,,"25696 25759 ",,
4d7a0c77.csv,,,,
4d955741.csv,"5938 5971 ",,"18622 18644 ",
4daa2a0d.csv,,,,
4dd565b5.csv,,,,
4e0cd3cb.csv,,,,
4ea5ee40.csv,,,,
4eb68dc1.csv,,,,
4ec16b7e.csv,,,,
4ee08830.csv,,,,
4efd4f2b.csv,,"36104 36187 ",,
4fab9430.csv,"5517 5549 ",,"42678 42716 ",
4fd88ec0.csv,,,,
5029dfe9.csv,,,,
503b61a7.csv,"7573 7621 61025 61131 ",,"57362 57404 ",
504bb9e3.csv,,,,
50544c9b.csv,,,,
50c2d8ad.csv,,,"38230 38258 42476 42505 42571 42598 46474 46516 46619 46658 46789 46842 ",
50f61e99.csv,,,,
50f71f3e.csv,,,,
51548f9f.csv,"56141 56225 ",,,
51a11d16.csv,,,,
520dedb5.csv,,,,
5215b581.csv,,,,
521deb00.csv,,,,
52818897.csv,"46937 47000 ",,"17957 18000 18052 18097 ",
52c60262.csv,"7635 7693 8561 8609 ",,,
5306c419.csv,,,,
539c16f4.csv,,,,
53bf8ecb.csv,,"6914 6949 ",,
5447da22.csv,,,,
5456010f.csv,,,"43973 44004 48268 48294 ",
547fb9e2.csv,"7993 8026 ",,,
54b4a4d8.csv,,,,
54d80411.csv,"8698 8763 ",,,
550326b5.csv,,,,
55648e48.csv,,,,
5597c641.csv,,,,
55b7f33d.csv,,,,
55c40d5f.csv,,,,
55e0cbc9.csv,,,,
55e5b512.csv,,,,
55f2d38a.csv,,,,
569d8ad5.csv,,,,
56a5fe69.csv,"51706 51746 ",,"50243 50354 ",
56aa466a.csv,,,,
5710e78c.csv,,,,
571f1735.csv,"9213 9254 9542 9600 ",,,
572977c2.csv,,,,
57311411.csv,,,,
579deb78.csv,,,,
57b73250.csv,,,,
57d8975a.csv,,,,
57f7e83a.csv,,,,
5801c649.csv,,,,
581688ce.csv,,,,
583c46fb.csv,,,,
587e2383.csv,"9145 9179 ",,,
58a81d19.csv,,,,
59015dfd.csv,,,,
590fdce9.csv,"6817 6887 ",,,
594b7bd0.csv,,,,
597494e6.csv,,"22067 22287 ",,
59b524dd.csv,"9487 9561 ",,,
59fd1d85.csv,,,,
5a1baa57.csv,,,,
5a535fb9.csv,,,,
5a977f6c.csv,,,,
5ab76012.csv,,"27597 27670 ",,
5ad2ac45.csv,,,,
5adb67cd.csv,,,,
5aed9ed2.csv,,,,
5aeff539.csv,,,,
5afa4968.csv,,,,
5b212019.csv,"4806 4847 46264 46305 ",,"34408 34452 ",
5b2bdf10.csv,,,,
5b2dd2bc.csv,,,,
5b68c2e9.csv,,,"17097 17351 ",
5ba9d958.csv,"9707 9834 ",,,
5bdf0932.csv,,"49151 49213 ",,
5bec7442.csv,,,,
5c5f9bea.csv,,,,
5c93cfbf.csv,,,,
5d5c1f8c.csv,,,,
5e18f384.csv,,,,
5e1e1828.csv,"51513 51666 ",,"23202 23229 ",
5ecdc54c.csv,,"19210 19275 20480 20599 20783 20839 21203 21382 21684 21793 24048 24192 ",,
5ee552d5.csv,,,,
5ef6b157.csv,,,"29938 30014 ",
5f0c6f01.csv,,,,
5f0fd643.csv,,,"15463 15553 ",
5f880541.csv,,,,
5f892ea7.csv,,,,
5f947f42.csv,,,,
5ff8d930.csv,,,,
6037ce29.csv,,,,
605e132a.csv,"55687 55754 ",,"33448 33482 42776 42805 53984 54018 ",
60911522.csv,,,,
60b76610.csv,"7119 7159 7195 7254 ",,,
61208708.csv,,,,
6170a676.csv,,,,
618f993e.csv,,,,
6202983a.csv,,,,
6217676e.csv,,"18324 18364 ",,
6220bff3.csv,,,,
62516fb7.csv,,"50431 50481 51901 51953 ",,
62838034.csv,,,,
63017b5d.csv,"10146 10320 ",,,
6318e3c9.csv,,,,
633d1f9c.csv,,,,
63650027.csv,,,,
6365efec.csv,,"29825 29865 ",,
6369b755.csv,,,,
637009ef.csv,,,,
63991436.csv,"11632 11678 ",,,
63aa1043.csv,,,,
63b5cf37.csv,,,,
63bff985.csv,,,,
63c89533.csv,"8678 8721 8779 8812 8840 8871 ",,,
63dc0586.csv,,,,
6425d8ac.csv,,,,
644ea272.csv,,,,
64787a4d.csv,,"30921 31002 ",,
647a7dc9.csv,,,,
64ae0ba5.csv,,,,
651fdd83.csv,,,,
65329bdc.csv,,,,
654b35cc.csv,,,,
65ff57a2.csv,,,,
6602dbd2.csv,,,,
6632ef1e.csv,,,,
66733c40.csv,,,,
670ff997.csv,,,,
671ff0ff.csv,,,,
67385def.csv,,"13018 13054 48757 48828 ",,
67470ce4.csv,,"12375 12424 ",,
67484180.csv,,,,
677bd61a.csv,,,,
67f6d49c.csv,,,,
68088e31.csv,,,,
6820d32e.csv,,,,
682594b9.csv,,,,
68576beb.csv,,,,
6890da1f.csv,"4964 5011 49625 49702 ",,"47262 47298 ",
69055402.csv,,,,
692c9fe5.csv,,,,
693e6268.csv,,,,
694056b7.csv,,,,
696c60c3.csv,,,,
699a4bfa.csv,"53788 53866 ",,"40227 40267 50735 50809 ",
69dceace.csv,"45907 45984 46041 46115 46421 46485 46581 46706 46795 46845 46909 46974 47090 47206 47336 47389 47574 47639 47738 47833 47914 47970 48067 48115 48285 48366 ",,,
6ab77e3e.csv,,,"13374 13408 ",
6ad09fbb.csv,,,,
6b04619e.csv,"6288 6329 50781 50839 ",,"47772 47822 47959 48012 ",
6b9e2818.csv,,,,
6bcfc71c.csv,,,,
6bfec9e2.csv,,,,
6c38866c.csv,,,,
6c4382a0.csv,,,,
6c5c6853.csv,,,,
6d561096.csv,,,,
6d72adc9.csv,,"10446 10481 ","18152 18207 ",
6d77a16a.csv,,,,
6e01ef0f.csv,,,,
6e0fcf21.csv,,,,
6e1f219c.csv,,"15852 15899 18763 18817 ",,
6e384c89.csv,,,,
6ea75ec9.csv,,,,
6eddad74.csv,,,,
6f1c77e1.csv,,,,
6f3d8a19.csv,,,,
6f3e6d91.csv,,,,
6f47a946.csv,,,,
6f5dd004.csv,,,,
6f6ead5a.csv,"7157 7195 ",,,
6f797656.csv,,,,
6fadbf7c.csv,,,,
6fb5f542.csv,,,,
706d322f.csv,,,"10779 10809 14968 15036 24430 24464 41977 42025 ",
70784323.csv,,,,
71210744.csv,,"33910 33942 ",,
7126107d.csv,,,,
7164870f.csv,"9247 9279 9324 9356 ",,,
717f791d.csv,,,,
7198f43d.csv,,,,
71af47ca.csv,,,,
71f6c4fc.csv,,,,
720217ee.csv,,,,
722d70f5.csv,,,,
723feefa.csv,,,,
724e4af6.csv,,,,
728a8716.csv,,"12751 12815 ",,
7296b531.csv,"6981 7023 51462 51541 ",,,
72f437b4.csv,,,,
73336217.csv,,,,
73484cca.csv,,,,
73620e22.csv,"9496 9525 ",,,
73cc6300.csv,,,,
73e85d4b.csv,,,,
73ee45e8.csv,,"30480 30583 40328 40380 ",,
73f636cc.csv,,,,
740e281a.csv,"10906 10948 58110 58219 ",,"42659 42701 54081 54148 ",
7421e8aa.csv,,,,
742aad92.csv,,,,
743d27b1.csv,,"47888 47961 48421 48483 ",,
745b18cc.csv,"56925 57007 ",,,
7489701c.csv,,,,
749cad9d.csv,,,,
75006d7d.csv,,,,
7531412f.csv,,,,
754d618b.csv,,,,
75d1a5fa.csv,,,,
75e152bd.csv,,,,
75e27f69.csv,,,,
7648a7de.csv,,,,
765478b0.csv,,,,
76cc2089.csv,,,,
76e4c063.csv,,,"50311 50412 57219 57336 ",
7733877a.csv,,,,
774262dc.csv,,"27733 27781 ",,
77526f65.csv,,,,
7763f3da.csv,,,,
777d16d4.csv,,,,
7787fada.csv,,,"8674 8703 ",
77955956.csv,,,,
781bc288.csv,"7902 7997 ",,,
781fa927.csv,,,,
78255baf.csv,,,,
7835db31.csv,,,,
78748eb5.csv,,,,
78bea5a6.csv,,,"11668 11701 ",
78d34596.csv,,,,
7947c420.csv,,,"17050 17126 ",
795ba0a3.csv,,,,
79b8fe39.csv,,,,
79e23ef4.csv,,,,
79e9c69e.csv,,,,
7a754685.csv,,,"45091 45124 50419 50447 ",
7aa9d053.csv,,,"23252 23292 ",
7acd3122.csv,,,,
7ad57f35.csv,,,,
7aea117f.csv,,,,
7af12826.csv,,,,
7b124ec0.csv,,,,
7b75aa02.csv,,,,
7b831b3c.csv,,,,
7b9079cd.csv,,,,
7bc26e22.csv,,,,
7bce380c.csv,"7249 7301 ",,,
7be4d853.csv,,,,
7c188836.csv,,,,
7c5e3a65.csv,,,,
7c5efcd8.csv,,,,
7c64d0cf.csv,,,,
7ccf4d91.csv,,"47636 47728 ",,
7d358791.csv,,,,
7d60f670.csv,"43331 43381 ",,"18930 18957 ",
7dda2223.csv,,,"36943 36986 ",
7e435295.csv,,,,
7ec7e946.csv,,,,
7ed3abe9.csv,,,,
7f0261ce.csv,,,,
7f151193.csv,,,,
7f4d33a3.csv,"49535 49616 ",,"20293 20316 36421 36451 ",
7f84f1ae.csv,,,"12346 12380 21086 21123 50853 50889 53858 53931 ",
7fa02670.csv,,,,
7fddea0c.csv,,"11400 11489 12296 12353 12754 12791 39577 39639 ",,
7fe8aa8a.csv,,,,
7fe9a8b4.csv,,,,
80284be5.csv,,,,
8043c2ee.csv,,,,
80565e4d.csv,,,,
805eadc7.csv,,,,
80600aa2.csv,"55405 55504 ",,"52222 52274 ",
8086c8b1.csv,,,,
80ba6d81.csv,"7068 7114 ",,,
80c5d4f1.csv,"10960 11000 ",,,
80c91094.csv,,"59334 59430 59820 59913 ",,
80e31a85.csv,,,,
80faf962.csv,,,,
812a1130.csv,"7917 7961 ",,,
8156952b.csv,,,"17495 17568 ",
82816fbf.csv,,,,
82c7dc54.csv,,,,
82d4074f.csv,,,,
82ebc91d.csv,,,,
82f0cd9e.csv,,,,
833c4a7e.csv,,,,
8380110f.csv,,,,
83b8380d.csv,,,,
843de6fe.csv,,,"10785 10834 ",
8441d05a.csv,,,,
8466ea7a.csv,,,,
846da42e.csv,"5943 5976 ",,,
84c60fd5.csv,,,,
84ebf8d1.csv,,,,
85051788.csv,,,,
856b3c94.csv,,"39713 39781 ",,
861571f3.csv,,,,
8617778b.csv,,,,
862fe7f2.csv,,,,
865cd1e9.csv,,,,
86a2f662.csv,,,"41351 41414 45544 45671 ",
86a3bee2.csv,,,,
86c1c5bd.csv,,,,
86c6b733.csv,,,,
86e89ecc.csv,,,,
8720f5a6.csv,,,,
87497582.csv,,,,
87c2d46a.csv,,,,
87e94490.csv,"56844 56945 ",,"40710 40752 52433 52497 ",
881de641.csv,,,,
8841b0f0.csv,,,,
885af1a8.csv,,,,
88b6693d.csv,"5258 5288 ",,"16438 16461 ",
88cebabd.csv,,,,
88d688ec.csv,"9975 10058 ",,,
88dc8cbe.csv,,,,
88f6229c.csv,,,,
895ddfb0.csv,,,,
89d4e08b.csv,,,,
89d90447.csv,,,,
8a05fbc8.csv,,,,
8a2c896c.csv,,,,
8a7ba0d5.csv,,,,
8aa042fd.csv,,,,
8ab18fd7.csv,,,,
8ab3cba5.csv,,,,
8ab7f937.csv,,,,
8aba1a15.csv,,,,
8abe91d1.csv,,"13234 13291 ",,
8b3b52da.csv,,,,
8b3d80fc.csv,,,,
8b62a06d.csv,"6759 6789 ",,,
8b84832b.csv,,,,
8bad9f2c.csv,,,,
8bb11708.csv,,,,
8bb8b7db.csv,,,,
8be9e8ea.csv,,,,
8bf39e67.csv,,,,
8c53c498.csv,,"26191 26381 ",,
8c67f7d8.csv,,,,
8cdc80fc.csv,,,,
8d378709.csv,,,,
8d524cfe.csv,,,,
8d60705f.csv,,,,
8d67ea5b.csv,,,,
8e141186.csv,,,,
8e212c82.csv,,"34918 35027 ",,
8e31d107.csv,,,,
8e3795e8.csv,,,,
8eafe17b.csv,,,,
8eb88458.csv,,,,
8ebf2142.csv,,,,
8f7fa2c5.csv,,,,
8f95c104.csv,,"8536 8570 ",,
8fb98310.csv,,,"17594 17619 33995 34027 ",
90149a09.csv,,,,
903704b1.csv,,,,
903a3b59.csv,,,,
903ef846.csv,,,,
90478a79.csv,,,,
906fbafd.csv,,,,
90735fca.csv,,,,
90cc2b24.csv,,,,
90d425a5.csv,,,,
91373f68.csv,,,,
913e1527.csv,,,,
914c79ff.csv,"7465 7528 ",,,
91742ad6.csv,"9476 9546 ",,,
91b66b81.csv,,,,
91c185a8.csv,,,,
91c4a028.csv,"7295 7335 54217 54288 ",,"51116 51175 ",
91df6822.csv,,"42305 42393 ",,
91f0910d.csv,,,,
91fe7ff9.csv,,,"15113 15149 ",
922d7848.csv,,"23312 23382 ",,
9259c2be.csv,"54965 55093 ",,"39062 39115 51152 51227 ",
927cf692.csv,,,,
92a5503f.csv,,,,
92cd7204.csv,,,"18156 18198 ",
9306e5e3.csv,,,,
9331e303.csv,,,,
93398a0b.csv,,"66830 66889 ",,
934255f6.csv,,,,
9377095e.csv,,,,
93819b1b.csv,,,,
93971829.csv,,,,
93c9334b.csv,,"46630 46684 48532 48701 ","29714 29757 ",
93c9fbdf.csv,"8201 8248 8315 8348 ",,,
93fda6d3.csv,,,"16756 16803 ",
9420a628.csv,,,,
944fc9bc.csv,,,,
945914a5.csv,,,,
94a9bfbd.csv,,,,
94f11d85.csv,,"33364 33441 33765 33796 ",,
94fc1be3.csv,"49353 49407 ",,"20111 20135 ",
959cf22f.csv,,,,
95b58ded.csv,,"11462 11536 12182 12251 12967 13029 17431 17463 26283 26314 49222 49276 50558 50590 ",,
95beeaba.csv,,"37044 37101 ",,
961ef395.csv,,,,
96444c98.csv,,,,
96596f19.csv,,,,
965f3567.csv,,,,
9675e1cc.csv,"56734 56821 ",,"31417 31451 40556 40598 51387 51443 51564 51617 ",
96850c97.csv,,,,
968cbf28.csv,,,,
96b4ff36.csv,,"28698 28740 ",,
96c7460f.csv,,"16625 16676 16777 16812 ",,
97255d7d.csv,,,"12218 12248 26445 26480 ",
97288829.csv,,,"10676 10716 ",
97671ab6.csv,,"28240 28283 ","10542 10604 14615 14662 23837 23872 28406 28451 ",
977ae280.csv,,,,
978a35ac.csv,"48060 48172 ",,"17778 17808 25758 25828 ",
97aaa603.csv,,,"13368 13422 ",
97d888cd.csv,"11791 11836 ",,,
98770e1a.csv,,,,
987eaaae.csv,,,,
9890901c.csv,"58468 58545 ",,"44662 44690 55839 55870 ",
98a0201e.csv,,,,
9974ff37.csv,,,,
997a9e7c.csv,,,,
9997fdbc.csv,,,,
99af1092.csv,,"55571 55660 ",,
99c88a3a.csv,,,,
99d8f3d1.csv,,,,
9a1d083b.csv,,,"49291 49320 49353 49428 54661 54702 ",
9a5df7f3.csv,,,,
9a6e0dcb.csv,,,,
9ad50f3d.csv,,"41681 41870 ",,
9afc14b7.csv,,,,
9b065133.csv,,,,
9b29654f.csv,,,"17068 17092 17119 17142 ",
9b7d4145.csv,,,,
9ba3b9f7.csv,,"24841 25036 ",,
9bae852c.csv,,,"11491 11527 ",
9baeb735.csv,,,,
9be0c479.csv,,,,
9c0c25a0.csv,,,"16337 16433 34199 34237 ",
9c0e19ee.csv,,,,
9c5ccc22.csv,,,,
9c64ca40.csv,,,,
9cd364a8.csv,"7945 7987 ",,,
9d205d40.csv,,,,
9d25a56b.csv,,,,
9d5ab402.csv,,"11111 11152 11726 11772 47866 47897 ",,
9d6d8a97.csv,,,"11029 11062 15104 15168 23979 24021 ",
9dc445aa.csv,"11536 11586 ",,,
9e25d6be.csv,"50238 50316 ",,"47395 47448 ",
9e3a2bf0.csv,,,,
9e455892.csv,,,,
9e67c304.csv,,,,
9ecc3566.csv,,,,
9f182e23.csv,,,,
9f3e02ac.csv,"10335 10373 ",,,
9f4eb16d.csv,,"59157 59218 ",,
9f71fa48.csv,"6936 6984 7406 7464 7532 7597 7674 7761 ",,,
9fea4a8a.csv,,,,
a0e742d9.csv,,,,
a145818a.csv,,,"18679 18714 28295 28334 ",
a1a8c445.csv,"53023 53072 ",,"50685 50763 ",
a1ba4221.csv,,,,
a1f25a01.csv,,,,
a1fd5db2.csv,,,,
a203170d.csv,"61193 61301 ",,"57483 57540 ",
a20ccac9.csv,,,,
a22e8a07.csv,,,,
a25fe27d.csv,,,,
a2882463.csv,,,,
a2ce202f.csv,,,,
a31bd48f.csv,"9708 9739 9769 9810 ",,,
a3275a65.csv,,,,
a328fab1.csv,,,"35456 35498 ",
a33904c7.csv,,,,
a3930c12.csv,,,,
a3ec043f.csv,,,,
a3fcd553.csv,,"12409 12453 ",,
a41dac05.csv,,,,
a4261b93.csv,,,,
a465cf6f.csv,,,,
a4959774.csv,,,,
a4a747d5.csv,,"29584 29616 ",,
a4c65d18.csv,,,,
a4dda2c3.csv,,,,
a50998b0.csv,,"62344 62424 62788 62836 ",,
a50adf2d.csv,,,,
a53dd101.csv,,,,
a5836b23.csv,,,,
a5ca9150.csv,,,,
a6f3d345.csv,,"20971 21039 21128 21222 ","19231 19291 ",
a71503ce.csv,,,,
a75e617c.csv,,,,
a76f8d61.csv,,,,
a7b66757.csv,,,,
a7ffd18d.csv,,,"8632 8673 12684 12750 23943 23999 42367 42424 ",
a80548e6.csv,,,,
a80a07dd.csv,,,,
a80ad8c2.csv,"9097 9134 57978 58064 ",,"13474 13517 23121 23156 42462 42496 55229 55284 ",
a81c1b55.csv,,"27846 27946 ",,
a8328b1d.csv,,,,
a83dbd1e.csv,"7546 7584 ",,"36177 36238 ",
a85529af.csv,,,,
a8a04ac2.csv,,,,
a8c10e09.csv,,,"20207 20245 23652 23711 ",
a8f00a16.csv,,,,
a96346c8.csv,,,"16621 16645 25104 25179 ",
a9a31374.csv,,,,
a9f1d7b6.csv,"7200 7241 53122 53191 ",,"38454 38484 38542 38575 50051 50123 ",
aa3d8070.csv,,"32932 33059 ",,
aa9ffeaa.csv,,,,
aaad4282.csv,,,,
ab021887.csv,,,,
ab0516da.csv,,,,
ab35376b.csv,,,"8936 8962 ",
aba9d362.csv,,,,
abac4579.csv,,,,
abe52201.csv,"7839 7886 54980 55030 ",,,
ac6e7084.csv,"9661 9759 ",,,
ac82701d.csv,,,,
acae10c1.csv,"6381 6450 6536 6559 6583 6600 6618 6650 ",,,
acb5dbd1.csv,"5438 5473 ",,,
acf7ed46.csv,"12050 12085 ",,,
ad025410.csv,,,,
ad0415b8.csv,,,"17984 18071 37001 37040 ",
ad6a77e8.csv,,,,
ade46be6.csv,,,,
adec7e6b.csv,"6163 6199 6329 6360 ",,,
adf233bb.csv,,,,
ae057eb7.csv,,,,
ae4f598d.csv,,,"13175 13219 ",
ae7a06be.csv,,,,
ae7b3b91.csv,,,,
ae895067.csv,,,,
ae8e3d6a.csv,,,,
ae93f672.csv,,"10720 10770 44957 45033 ",,
aea674a1.csv,,"26376 26407 36776 36811 ",,
aed2a182.csv,,,,
af286b82.csv,,,,
af44266a.csv,,,,
af602b63.csv,"58208 58358 ",,"42920 42956 54726 54762 ",
af675821.csv,,,,
af902c06.csv,,,,
b005413d.csv,,,,
b0ae3c7a.csv,,,,
b0d58b29.csv,,,,
b10785b6.csv,,,,
b1097c91.csv,,,,
b115db23.csv,"7052 7094 54610 54683 ",,"51578 51641 ",
b1323651.csv,,,,
b177f59d.csv,,,,
b1921768.csv,"44669 44709 ",,"18073 18097 ",
b1a99516.csv,,,,
b20c5711.csv,"48364 48431 ",,,
b22fc6a6.csv,,,,
b24cfae7.csv,"63925 63975 ",,"49561 49599 60950 61017 61203 61265 ",
b264cdbe.csv,,,"9706 9753 13593 13635 18092 18133 41594 41641 ",
b2b15f4e.csv,,"49212 49300 ",,
b3628446.csv,,,,
b3b6a07e.csv,"9659 9697 9866 9920 ",,,
b3c85229.csv,,,,
b3ec0a9d.csv,,,,
b3f01ca2.csv,,,,
b4603d30.csv,"54786 54821 ",,"20649 20681 30323 30356 41281 41323 52351 52402 52551 52607 ",
b48b2340.csv,,"55672 55748 ",,
b4926657.csv,,"61368 61410 ",,
b4a0a103.csv,,,,
b4c7d030.csv,,,,
b5022b43.csv,,,,
b50ca793.csv,,,,
b52a4582.csv,,,"23988 24204 ",
b54fdf3c.csv,,,,
b5741918.csv,,,,
b61ff8ae.csv,"50065 50103 ",,"22224 22249 ",
b634efdc.csv,,,,
b63529dc.csv,"43375 43497 43703 43803 44853 45018 45365 45485 45955 46045 ",,,
b6a81a9d.csv,,,,
b7234f7b.csv,,,,
b725287b.csv,,,,
b7625205.csv,,,,
b778a8cd.csv,"51788 51958 ",,,
b7999616.csv,"52259 52323 ",,"39199 39229 50231 50275 ",
b7b82b59.csv,,,"37432 37489 41271 41334 45362 45418 ",
b80079a1.csv,,,,
b83902f1.csv,,,,
b8c35451.csv,,,,
b92b706a.csv,,,,
b9493d80.csv,,,,
b94a3539.csv,,,,
b955b8c2.csv,,,,
b9790697.csv,"47543 47958 ",,"20771 20815 ",
b9851d35.csv,,,,
b99af96e.csv,,,,
b9aea27b.csv,,,,
b9de928b.csv,,,,
ba010eb4.csv,,,,
ba410778.csv,,,,
ba6a5953.csv,,,,
ba754a1b.csv,,,,
ba7fa152.csv,,,,
ba892548.csv,,,,
ba95c92e.csv,,,,
bab223bd.csv,,"9763 9836 ",,
bb12eade.csv,"5979 6019 50996 51095 ",,,
bb1bbcd0.csv,,"36175 36294 37058 37190 ",,
bb3e1e11.csv,,,,
bbee9d00.csv,,,,
bbf518df.csv,,,,
bbf789d9.csv,,,,
bc1b04cb.csv,,,,
bc29200d.csv,,,,
bc372106.csv,"8729 8769 ",,,
bc3d3526.csv,,,,
bc57f078.csv,,,"12090 12122 ",
bc9fd3fd.csv,,,,
bcea65d5.csv,"6773 6827 6948 7026 ",,,
bcf3da28.csv,,,,
bd046bd7.csv,,,,
bd0bddbf.csv,,,,
bd2c448f.csv,,,,
bd502666.csv,,,,
bd582b96.csv,,,,
bda37a42.csv,,"16009 16087 ",,
bdcde83c.csv,,,,
bdf53623.csv,,,"12421 12455 ",
be2e9bc7.csv,,,,
be339567.csv,,,,
bebca498.csv,,,,
bebe2fbe.csv,,,,
bf00063c.csv,,"39933 40066 ",,
bf03ed7f.csv,,,,
bf042600.csv,,,"21458 21510 31481 31513 ",
bf2120d3.csv,,,,
bf407579.csv,,,,
bf4742e1.csv,,,,
bf800c9f.csv,,,,
bf9a8aaa.csv,,,,
bfaff833.csv,,"55543 55625 ",,
bfdb55c5.csv,,,,
bffd0ddb.csv,,,,
c032c047.csv,,,,
c055e47c.csv,"52682 52782 ",,"38040 38080 50035 50070 ",
c0744375.csv,,,,
c0bd9512.csv,,,,
c0cbc4c5.csv,,,,
c0e0a9f3.csv,,,,
c0f533db.csv,,,"10068 10128 18881 18926 ",
c174ba36.csv,,,,
c1add7d1.csv,,,,
c1d64971.csv,,,,
c1d7c056.csv,,,,
c1e1c749.csv,,,,
c1f13d93.csv,,,,
c2480969.csv,"64273 64368 ",,"39699 39733 60538 60585 ",
c257a641.csv,,,,
c27b42a6.csv,,,,
c2f48c0a.csv,"5617 5657 50944 51008 ",,"37207 37240 ",
c2f5461c.csv,,,,
c3038d4c.csv,,,,
c309174a.csv,,,,
c35b72b0.csv,,,,
c3c4b4a8.csv,,,,
c44bd7ae.csv,,,,
c4671920.csv,,,,
c49b6366.csv,,,,
c4f13db1.csv,,,,
c4fd5b11.csv,,,,
c5437168.csv,,,,
c54d326d.csv,,,,
c55472b2.csv,,,,
c58fb0b6.csv,,,,
c5a7bff1.csv,,,,
c5d3cbf8.csv,,,,
c5e5a52a.csv,"5968 6008 53228 53318 ",,"10396 10456 38495 38529 49747 49811 ",
c634a613.csv,,,,
c6598b96.csv,,,,
c65f90bc.csv,,,,
c67ba832.csv,,"32281 32322 ",,
c69346de.csv,,"24844 24903 ","15000 15036 ",
c6956c25.csv,,,,
c6b5b479.csv,,,,
c7034aaf.csv,,,,
c7498517.csv,,,,
c7673e9d.csv,"47606 47677 ",,"19137 19161 ",
c77052a0.csv,,,"38543 38598 ",
c7d7b99c.csv,,,,
c83b5eee.csv,,,,
c843f51b.csv,"8518 8546 ",,,
c859ec9b.csv,,"45778 45825 ",,
c8739c6a.csv,,,,
c8950ce3.csv,,,,
c8ce7b36.csv,,,,
c8f1e95a.csv,,,"10575 10612 14559 14590 24102 24138 41673 41740 ",
c9645a39.csv,,,,
c99d470d.csv,,,"37057 37099 ",
c9a39563.csv,,,,
c9b10140.csv,,,,
c9b15a78.csv,,,,
ca04409a.csv,,,,
ca934066.csv,,"31089 31249 ",,
caa40288.csv,,,,
cab53307.csv,"5988 6030 49055 49162 ",,"36041 36080 46627 46662 ",
cad747e7.csv,,,,
cb289cd2.csv,,,,
cb4deef7.csv,,"65679 65759 ",,
cb88155a.csv,,,,
cb8e74d6.csv,,,"42975 43017 ",
cb969b61.csv,,,,
cbe4a2e0.csv,,,,
cc479e4c.csv,,"66817 66880 ",,
cc4a0fd3.csv,,,,
cc5397f0.csv,,,,
cc7ce122.csv,,,"17274 17305 ",
cc943214.csv,,,,
ccb027dc.csv,"10826 10863 11467 11498 ",,,
cd08991b.csv,"52791 52841 ",,"20923 20961 21021 21062 ",
cd0ca67f.csv,,,,
cd1c99f5.csv,"10253 10321 ",,,
cd6e2bf0.csv,,,,
cd7fe8e0.csv,,,"11572 11606 16056 16133 25673 25710 ",
cdbbb9c3.csv,,,,
cdce44a4.csv,,,,
cdf43063.csv,,,,
ce9d1168.csv,,,,
cebb5c29.csv,"52340 52460 ",,"18546 18577 ",
cf028114.csv,,,"28959 28991 ",
cf201dd0.csv,,"43471 43602 ",,
cf43f46a.csv,,,,
cf4b2496.csv,,,,
cf6203dd.csv,,,,
cf7fba9c.csv,,,,
cf9587b6.csv,,,,
cfc72a1a.csv,,,,
cfdc1734.csv,"4702 4743 ","24329 24363 ","17024 17109 ",
d062e506.csv,,,,
d0c7ef45.csv,"10857 10908 ",,,
d0cc4e8f.csv,,,,
d11b1b09.csv,,,"18954 19013 ",
d15d2ad4.csv,,,,
d161f014.csv,,,,
d17785ae.csv,,,"21107 21136 25811 25843 ",
d1be9921.csv,,,,
d1d443e5.csv,,,,
d1d492ae.csv,,,,
d1fba9e9.csv,,,,
d2282c79.csv,,"20477 20542 ","16974 16820 ",
d3249a4a.csv,"44782 44822 ","8097 8134 ","16569 16599 42460 42503 ",
d36fd28e.csv,,,,
d3a2b1ff.csv,,,,
d3c6b75f.csv,,,,
d3ed2ce8.csv,,,,
d4059865.csv,,,,
d40db792.csv,,,,
d42873d1.csv,,,,
d43ce19f.csv,,,"10137 10167 ",
d4689e31.csv,,"30874 30926 ",,
d475fd9d.csv,,,,
d49977fa.csv,,,,
d499d80a.csv,,"22300 22364 22518 22581 ","15958 15993 ",
d4b6ceac.csv,,,,
d4c85466.csv,,,,
d4f891bf.csv,,,,
d548ac71.csv,,,,
d5843e62.csv,,,,
d5b05f8b.csv,,,,
d5c13eab.csv,,"29490 29545 30981 31028 ",,
d620c227.csv,,,,
d67b042a.csv,,,,
d683f0f6.csv,,,,
d6a0b22f.csv,"10037 10107 ",,,
d6abdd20.csv,,,"12884 12921 21128 21157 ",
d6adfbe1.csv,,,,
d6e89988.csv,"8561 8594 9119 9151 ",,,
d7453e32.csv,,,,
d7465113.csv,,,,
d788e955.csv,,,,
d7b54cc5.csv,,,,
d7c0baee.csv,,,,
d7d05c01.csv,"7663 7746 ",,,
d7d4bd06.csv,,,,
d7d8f1c2.csv,,,,
d7dcb4aa.csv,,,,
d81a8250.csv,,,,
d847b558.csv,,,,
d8550c10.csv,,,,
d88365c3.csv,,,"39474 39524 ",
d8b5611e.csv,,,,
d8bba3b9.csv,,,,
d8de9ce8.csv,,,,
d903b315.csv,,,,
d942af57.csv,,,,
d94e88a3.csv,,,,
d9aacd23.csv,,,"24649 24702 ",
d9d75e41.csv,,,"12526 12563 ",
da26b216.csv,,,,
da429884.csv,,,,
da44a030.csv,"53267 53349 ",,,
da4a39bc.csv,,,"18299 18433 ",
da61bf18.csv,,,,
da61f070.csv,,,,
da81e163.csv,,"56301 56353 ",,
da9f9e1d.csv,"6029 6074 ",,"38050 38086 48609 48663 ",
dae22c36.csv,,,,
dafe3d36.csv,,"14881 14983 ",,
db393624.csv,,,,
db547f29.csv,,,"33158 33185 ",
db6bfbb6.csv,,,,
dbaa000d.csv,,,,
dbb574e5.csv,,,,
dbbc3dda.csv,,,,
dbdcc574.csv,,,"13799 13833 ",
dc017b51.csv,,,"37541 37582 41817 41853 46183 46246 ",
dc4717c7.csv,,,,
dc49139e.csv,,,,
dc4fdbea.csv,,,,
dc83a6aa.csv,,,,
dcb07a12.csv,,,,
dd172457.csv,,,,
dd23fd6e.csv,,,"37878 37919 ",
dd283404.csv,"60259 60310 ",,"24236 24267 44153 44203 55972 56072 ",
dd6ad0dc.csv,,,,
ddb07f93.csv,,,,
dde3a3ea.csv,,,,
ddfdc7eb.csv,,,,
de13a5f0.csv,,,,
de96bd60.csv,,"28709 28761 ","34646 34684 ",
de999a7b.csv,,,,
deced85a.csv,,,,
dee71823.csv,,,,
df2cdc59.csv,,"13105 13147 ",,
df4a5a53.csv,,,,
df6f4961.csv,"6163 6204 51112 51223 ","20549 20617 ","37221 37255 37314 37348 47901 47951 ",
df8b14cb.csv,,,,
df99cc02.csv,,,,
dfc10def.csv,,,"12779 12816 43889 43931 ",
dfc3ab30.csv,,,,
e003c508.csv,,,,
e0139257.csv,"12101 12139 ",,,
e01edc4c.csv,"10515 10587 10728 10802 ","15132 15265 ",,
e0520d76.csv,,,,
e05d7260.csv,,,,
e0edb3c1.csv,"57249 57354 ",,"21570 21601 40950 40994 51729 51792 ",
e1171c18.csv,,,,
e13b7c09.csv,,,,
e166337a.csv,,,,
e1d1c99f.csv,,,,
e222593e.csv,,,,
e22f4d4a.csv,,,,
e237c171.csv,"56119 56239 ",,,
e2b089d1.csv,,,,
e3124393.csv,,,,
e321646a.csv,,,,
e32f2484.csv,,,,
e35b8176.csv,,,,
e37c9e6e.csv,,,,
e3947d95.csv,,,,
e3a834e0.csv,,,,
e3c1ad25.csv,,,"24426 24461 ",
e3cbac2d.csv,,,,
e3fbb946.csv,,,"43610 43650 ",
e408b51e.csv,,"70990 71078 ",,
e483a30d.csv,,,,
e4a8020e.csv,,,,
e4ab5d7f.csv,,,"35995 36052 41322 41400 ",
e5067456.csv,,,,
e51d9663.csv,,,,
e5966bca.csv,,,,
e59ed3bd.csv,,,,
e5c19e6f.csv,,,,
e6520725.csv,,,,
e6c8ac3f.csv,,,,
e711c08a.csv,,,,
e73cb208.csv,,,,
e74d56d0.csv,,,"13359 13391 ",
e822005d.csv,,,,
e861be2b.csv,,,,
e8802e8a.csv,,"66368 66511 ",,
e8a3b219.csv,,,,
e8acb9a9.csv,,,,
e8b2a456.csv,,"38940 38997 ",,
e8ba83db.csv,,,,
e8f49914.csv,,,,
e906c522.csv,,"36301 36401 ",,
e99e1d8e.csv,,,,
e9b279f1.csv,,,,
e9f36ce5.csv,,,"9426 9448 12855 12895 22500 22545 ",
ea383406.csv,,,,
ea54e8bc.csv,"54976 55069 ",,"29142 29174 50749 50827 ",
ead517c8.csv,,,"27119 27153 ",
eadcaad6.csv,,,,
eb015b61.csv,,"50454 50489 ",,
eb06ce91.csv,,,,
eb0bac86.csv,,"48006 48079 ",,
eb20fab9.csv,"54105 54230 ",,"27655 27691 37074 37117 ",
eb323e5f.csv,,,,
eb66f48f.csv,"54633 54642 ",,"30634 30674 40439 40477 ",
ec22d6d2.csv,,,,
ec4306e6.csv,,,,
ec6015b4.csv,"10135 10186 59144 59209 ",,,
ec90a037.csv,,,,
ec939a9f.csv,,,,
ecbba53b.csv,"11109 11141 ",,,
ecc99356.csv,,,,
ed59e4a9.csv,"7875 7926 ",,,
ed9cd80d.csv,,,,
edd4f8b1.csv,"6525 6556 ",,"18407 18445 ",
ee68778b.csv,,,,
ee7ddb52.csv,,,,
ee9e817c.csv,,,,
eea58aa2.csv,"10946 11005 11308 11339 ",,,
eed495f6.csv,,,"16900 16938 16989 17023 ",
efac6bbe.csv,,,,
efad8652.csv,"57777 57875 ",,"32164 32200 54213 54247 ",
f0057de9.csv,,,,
f05adf80.csv,"56109 56163 ",,"40022 40061 ",
f062a439.csv,,,,
f0850712.csv,,,,
f0860b7d.csv,,,,
f088bd4a.csv,,"42279 42340 ",,
f093fb36.csv,,,,
f0b490eb.csv,,"8611 8661 ",,
f0b9a50d.csv,,,,
f0bc1299.csv,,,,
f0d03824.csv,,,,
f18bba57.csv,,,,
f18d1505.csv,,,,
f1b8b235.csv,,,,
f1ca0dfe.csv,,,,
f1d789cf.csv,,,,
f1f71ecf.csv,"44393 44541 ","22540 22575 ","16239 16265 ",
f1f95eb5.csv,,"21592 21630 ",,
f26192df.csv,"26847 26942 ",,,
f29ec6b5.csv,,,,
f29f5878.csv,"7223 7274 ",,,
f2c94c01.csv,,,,
f358a764.csv,,,,
f372522f.csv,,"32143 32174 ",,
f3daabfa.csv,,,,
f3e5ba8c.csv,,,,
f40536cc.csv,,"14885 15125 ",,
f436b2f1.csv,,,,
f4487db8.csv,,,,
f4b8014e.csv,"8370 8428 8535 8573 ",,,
f540e1b8.csv,,"28730 28791 ",,
f55be569.csv,,,,
f571476e.csv,,,,
f60f844c.csv,,,,
f6676cfb.csv,,,,
f6954f1a.csv,,,,
f6c9aa09.csv,,"47777 47823 ",,
f78549b6.csv,,,,
f79c433a.csv,,,,
f8105d9f.csv,,,,
f8cd5bf5.csv,"53726 53790 ",,"39690 39735 ",
f94303ef.csv,,,,
f963e216.csv,,,,
f9c5880d.csv,,"19033 19076 ",,
f9ed37ea.csv,,,,
fafffa2e.csv,,,"11896 12018 16726 16771 ",
fb17d13b.csv,,"12676 12715 ",,
fb1d8ebb.csv,,"56427 56508 57694 57787 ",,
fc1feeb9.csv,,,,
fc2183f4.csv,,,"28124 28159 ",
fc4db743.csv,,,,
fc563682.csv,,,,
fc5a432c.csv,,"36350 36459 47158 47217 ",,
fc66fc69.csv,,"66304 66387 67413 67481 67797 67874 ",,
fc71b12d.csv,,,,
fc8e9bbd.csv,,"38524 38600 ",,
fca30ab5.csv,,,,
fcad066f.csv,,"47514 47598 ",,
fcc5ebbb.csv,,,"11610 11656 ",
fcd6a7d1.csv,,"30813 30871 ",,
fd23736f.csv,,,,
fd365312.csv,,"16800 16853 ",,
fd4f80c3.csv,,,,
fd5c34c0.csv,,,,
fd682ee2.csv,,,,
fdcf7bea.csv,,,,
fdd15f4a.csv,,,,
fe268139.csv,,,,
fe9962dc.csv,,"44392 44460 ",,
fecf41b1.csv,,"20401 20449 ",,
feddbe44.csv,,,,
fee70cf4.csv,,,,
ff037a09.csv,,,,
ff9089ae.csv,,,,
ffac61bb.csv,"6883 6981 ",,,
ffea37c0.csv,,,"9604 9630 ",
ffeee97a.csv,,,,